{
  "default_metrics": {
    "accuracy": 0.7921481481481482,
    "precision": 0.6798279906176701,
    "recall": 0.46672034353193775,
    "f1": 0.5534691279439847,
    "threshold": 0.5
  },
  "optimal_metrics": {
    "accuracy": 0.7853888888888889,
    "precision": 0.6057686171909897,
    "recall": 0.6369431025228127,
    "f1": 0.6209648405560099,
    "threshold": 0.3040880858898163
  },
  "balanced_metrics": {
    "accuracy": 0.790037037037037,
    "precision": 0.6195360686511129,
    "recall": 0.6200348899624262,
    "f1": 0.6197853789403085,
    "threshold": 0.33681437373161316
  },
  "manual_thresholds": {
    "0.1": {
      "accuracy": 0.276037037037037,
      "precision": 0.2760102226008371,
      "recall": 1.0,
      "f1": 0.4326144378973034,
      "threshold": 0.1
    },
    "0.2": {
      "accuracy": 0.7030185185185185,
      "precision": 0.4753984453033396,
      "recall": 0.7345008051529791,
      "f1": 0.577205979278163,
      "threshold": 0.2
    },
    "0.3": {
      "accuracy": 0.7844629629629629,
      "precision": 0.6036837091140045,
      "recall": 0.6377482555018786,
      "f1": 0.6202486214884662,
      "threshold": 0.3
    },
    "0.4": {
      "accuracy": 0.7952777777777778,
      "precision": 0.6463609399954369,
      "recall": 0.5702495974235104,
      "f1": 0.6059245000534702,
      "threshold": 0.4
    },
    "0.5": {
      "accuracy": 0.7921481481481482,
      "precision": 0.6798279906176701,
      "recall": 0.46672034353193775,
      "f1": 0.5534691279439847,
      "threshold": 0.5
    },
    "0.6": {
      "accuracy": 0.7698703703703703,
      "precision": 0.7237579042457091,
      "recall": 0.26878690284487383,
      "f1": 0.391995694505602,
      "threshold": 0.6
    },
    "0.7": {
      "accuracy": 0.7261481481481481,
      "precision": 0.8118279569892473,
      "recall": 0.010131508319914117,
      "f1": 0.020013253810470512,
      "threshold": 0.7
    },
    "0.8": {
      "accuracy": 0.724,
      "precision": 0.0,
      "recall": 0.0,
      "f1": 0.0,
      "threshold": 0.8
    },
    "0.9": {
      "accuracy": 0.724,
      "precision": 0.0,
      "recall": 0.0,
      "f1": 0.0,
      "threshold": 0.9
    }
  },
  "dataset": {
    "path": "flashcamp/data/gold/seed_dataset_master_final_54000_68.csv",
    "size": 54000,
    "positive_samples": 14904,
    "negative_samples": 39096
  },
  "meta_model_range": {
    "min": 0.09925001114606857,
    "max": 0.7660571336746216,
    "mean": 0.2791599929332733,
    "median": 0.18839402496814728,
    "std": 0.17487236857414246
  }
}